LOCATION,ORIENTATION,WFR,I/D TEMP. in F,NO of Occupant sf/person ,POWER Consum. In kwh,ASHRAE 7-Point ,THERMAL FEELING 
KOTA,NORTH,>30%,78,624,571.16,1,Slightly warm
KOTA,NNW,>30%,78,624,569.48,1,Slightly warm
KOTA,NW,>30%,78,624,566.32,1,Slightly warm
KOTA,WNW,>30%,78,624,555.95,1,Slightly warm
KOTA,WEST,>30%,78,624,558.06,1,Slightly warm
KOTA,WSW,>30%,78,624,560.74,1,Slightly warm
KOTA,SW,>30%,78,624,567.31,1,Slightly warm
KOTA,SSW,>30%,78,624,566.67,1,Slightly warm
KOTA,SOUTH,>30%,78,624,571.27,1,Slightly warm
KOTA,SSE,>30%,78,624,569.29,1,Slightly warm
KOTA,SE,>30%,78,624,566.53,1,Slightly warm
KOTA,ESE,>30%,78,624,556.16,1,Slightly warm
KOTA,EAST,>30%,78,624,558.21,1,Slightly warm
KOTA,ENE,>30%,78,624,560.55,1,Slightly warm
KOTA,NE,>30%,78,624,567.31,1,Slightly warm
KOTA,NNE,>30%,78,624,566.52,1,Slightly warm
KOTA,NORTH,>30%,78,750,512.86,1,Slightly warm
KOTA,NNW,>30%,78,750,511.45,1,Slightly warm
KOTA,NW,>30%,78,750,508.32,1,Slightly warm
KOTA,WNW,>30%,78,750,498.24,1,Slightly warm
KOTA,WEST,>30%,78,750,501.71,1,Slightly warm
KOTA,WSW,>30%,78,750,502.69,1,Slightly warm
KOTA,SW,>30%,78,750,509.26,1,Slightly warm
KOTA,SSW,>30%,78,750,508.59,1,Slightly warm
KOTA,SOUTH,>30%,78,750,512.97,1,Slightly warm
KOTA,SSE,>30%,78,750,511.27,1,Slightly warm
KOTA,SE,>30%,78,750,508.53,1,Slightly warm
KOTA,ESE,>30%,78,750,498.45,1,Slightly warm
KOTA,EAST,>30%,78,750,501.87,1,Slightly warm
KOTA,ENE,>30%,78,750,502.51,1,Slightly warm
KOTA,NE,>30%,78,750,509.26,1,Slightly warm
KOTA,NNE,>30%,78,750,508.54,1,Slightly warm
KOTA,NORTH,>30%,78,250,715.8,1,Slightly warm
KOTA,NNW,>30%,78,250,710.47,1,Slightly warm
KOTA,NW,>30%,78,250,707.08,1,Slightly warm
KOTA,WNW,>30%,78,250,693.9,1,Slightly warm
KOTA,WEST,>30%,78,250,702.82,1,Slightly warm
KOTA,WSW,>30%,78,250,701.72,1,Slightly warm
KOTA,SW,>30%,78,250,708.3,1,Slightly warm
KOTA,SSW,>30%,78,250,707.34,1,Slightly warm
KOTA,SOUTH,>30%,78,250,715.91,1,Slightly warm
KOTA,SSE,>30%,78,250,710.28,1,Slightly warm
KOTA,SE,>30%,78,250,707.29,1,Slightly warm
KOTA,ESE,>30%,78,250,694.11,1,Slightly warm
KOTA,EAST,>30%,78,250,702.97,1,Slightly warm
KOTA,ENE,>30%,78,250,701.51,1,Slightly warm
KOTA,NE,>30%,78,250,708.3,1,Slightly warm
KOTA,NNE,>30%,78,250,707.29,1,Slightly warm
KOTA,NORTH,>30%,71.6,624,624.91,-1,Slightly cool
KOTA,NNW,>30%,71.6,624,621.2,-1,Slightly cool
KOTA,NW,>30%,71.6,624,616.61,-1,Slightly cool
KOTA,WNW,>30%,71.6,624,604.3,-1,Slightly cool
KOTA,WEST,>30%,71.6,624,611.31,-1,Slightly cool
KOTA,WSW,>30%,71.6,624,612.78,-1,Slightly cool
KOTA,SW,>30%,71.6,624,619.19,-1,Slightly cool
KOTA,SSW,>30%,71.6,624,617.54,-1,Slightly cool
KOTA,SOUTH,>30%,71.6,624,625.05,-1,Slightly cool
KOTA,SSE,>30%,71.6,624,620.92,-1,Slightly cool
KOTA,SE,>30%,71.6,624,616.86,-1,Slightly cool
KOTA,ESE,>30%,71.6,624,604.55,-1,Slightly cool
KOTA,EAST,>30%,71.6,624,611.47,-1,Slightly cool
KOTA,ENE,>30%,71.6,624,612.46,-1,Slightly cool
KOTA,NE,>30%,71.6,624,619.17,-1,Slightly cool
KOTA,NNE,>30%,71.6,624,617.44,-1,Slightly cool
KOTA,NORTH,>30%,71.6,750,565.15,-1,Slightly cool
KOTA,NNW,>30%,71.6,750,561.85,-1,Slightly cool
KOTA,NW,>30%,71.6,750,557.56,-1,Slightly cool
KOTA,WNW,>30%,71.6,750,545.65,-1,Slightly cool
KOTA,WEST,>30%,71.6,750,554.21,-1,Slightly cool
KOTA,WSW,>30%,71.6,750,553.5,-1,Slightly cool
KOTA,SW,>30%,71.6,750,559.92,-1,Slightly cool
KOTA,SSW,>30%,71.6,750,558.3,-1,Slightly cool
KOTA,SOUTH,>30%,71.6,750,565.58,-1,Slightly cool
KOTA,SSE,>30%,71.6,750,561.64,-1,Slightly cool
KOTA,SE,>30%,71.6,750,557.81,-1,Slightly cool
KOTA,ESE,>30%,71.6,750,545.9,-1,Slightly cool
KOTA,EAST,>30%,71.6,750,554.35,-1,Slightly cool
KOTA,ENE,>30%,71.6,750,553.27,-1,Slightly cool
KOTA,NE,>30%,71.6,750,559.91,-1,Slightly cool
KOTA,NNE,>30%,71.6,750,558.22,-1,Slightly cool
KOTA,NORTH,>30%,71.6,250,778.68,-1,Slightly cool
KOTA,NNW,>30%,71.6,250,769.95,-1,Slightly cool
KOTA,NW,>30%,71.6,250,765.08,-1,Slightly cool
KOTA,WNW,>30%,71.6,250,747.97,-1,Slightly cool
KOTA,WEST,>30%,71.6,250,765.12,-1,Slightly cool
KOTA,WSW,>30%,71.6,250,761.51,-1,Slightly cool
KOTA,SW,>30%,71.6,250,767.91,-1,Slightly cool
KOTA,SSW,>30%,71.6,250,765.91,-1,Slightly cool
KOTA,SOUTH,>30%,71.6,250,778.79,-1,Slightly cool
KOTA,SSE,>30%,71.6,250,769.69,-1,Slightly cool
KOTA,SE,>30%,71.6,250,765.33,-1,Slightly cool
KOTA,ESE,>30%,71.6,250,748.23,-1,Slightly cool
KOTA,EAST,>30%,71.6,250,765.27,-1,Slightly cool
KOTA,ENE,>30%,71.6,250,761.27,-1,Slightly cool
KOTA,NE,>30%,71.6,250,767.88,-1,Slightly cool
KOTA,NNE,>30%,71.6,250,765.82,-1,Slightly cool
KOTA,NORTH,>30%,84.2,624,518.76,3,Hot
KOTA,NNW,>30%,84.2,624,517.4,3,Hot
KOTA,NW,>30%,84.2,624,514.2,3,Hot
KOTA,WNW,>30%,84.2,624,504.64,3,Hot
KOTA,WEST,>30%,84.2,624,505.48,3,Hot
KOTA,WSW,>30%,84.2,624,508.59,3,Hot
KOTA,SW,>30%,84.2,624,515.17,3,Hot
KOTA,SSW,>30%,84.2,624,514.8,3,Hot
KOTA,SOUTH,>30%,84.2,624,518.88,3,Hot
KOTA,SSE,>30%,84.2,624,517.22,3,Hot
KOTA,SE,>30%,84.2,624,514.4,3,Hot
KOTA,ESE,>30%,84.2,624,504.84,3,Hot
KOTA,EAST,>30%,84.2,624,505.64,3,Hot
KOTA,ENE,>30%,84.2,624,508.41,3,Hot
KOTA,NE,>30%,84.2,624,515.17,3,Hot
,NNE,>30%,84.2,624,514.75,3,Hot
,NORTH,>30%,84.2,250,655.09,3,Hot
,NNW,>30%,84.2,250,650.57,3,Hot
,NW,>30%,84.2,250,647.31,3,Hot
,WNW,>30%,84.2,250,635.75,3,Hot
,WEST,>30%,84.2,250,641.94,3,Hot
,WSW,>30%,84.2,250,641.72,3,Hot
,SW,>30%,84.2,250,648.33,3,Hot
,SSW,>30%,84.2,250,647.82,3,Hot
,SOUTH,>30%,84.2,250,655.2,3,Hot
,SSE,>30%,84.2,250,650.4,3,Hot
,SE,>30%,84.2,250,647.51,3,Hot
,ESE,>30%,84.2,250,635.94,3,Hot
,EAST,>30%,84.2,250,642.1,3,Hot
,ENE,>30%,84.2,250,641.54,3,Hot
,NE,>30%,84.2,250,648.34,3,Hot
,NNE,>30%,84.2,250,647.48,3,Hot
,NORTH,>30%,84.2,750,461.43,3,Hot
,NNW,>30%,84.2,750,460.2,3,Hot
,NW,>30%,84.2,750,456.95,3,Hot
,WNW,>30%,84.2,750,447.69,3,Hot
,WEST,>30%,84.2,750,450.01,3,Hot
,WSW,>30%,84.2,750,451.45,3,Hot
,SW,>30%,84.2,750,457.99,3,Hot
,SSW,>30%,84.2,750,457.7,3,Hot
,SOUTH,>30%,84.2,750,461.54,3,Hot
,SSE,>30%,84.2,750,460.03,3,Hot
,SE,>30%,84.2,750,457.15,3,Hot
,ESE,>30%,84.2,750,447.88,3,Hot
,EAST,>30%,84.2,750,450.17,3,Hot
,ENE,>30%,84.2,750,451.29,3,Hot
,NE,>30%,84.2,750,458,3,Hot
,NNE,>30%,84.2,750,457.66,3,Hot
,NORTH,>30%,82.4,750,476.33,3,Hot
,NNW,>30%,82.4,750,475.16,3,Hot
,NW,>30%,82.4,750,472.03,3,Hot
,WNW,>30%,82.4,750,462.61,3,Hot
,WEST,>30%,82.4,750,465,3,Hot
,WSW,>30%,82.4,750,466.34,2,Warm
,SW,>30%,82.4,750,472.91,2,Warm
,SSW,>30%,82.4,750,472.54,2,Warm
,SOUTH,>30%,82.4,750,476.44,2,Warm
,SSE,>30%,82.4,750,474.99,2,Warm
,SE,>30%,82.4,750,472.23,2,Warm
,ESE,>30%,82.4,750,462.81,2,Warm
,EAST,>30%,82.4,750,465.16,2,Warm
,ENE,>30%,82.4,750,466.17,2,Warm
,NE,>30%,82.4,750,472.91,2,Warm
,NNE,>30%,82.4,750,472.5,2,Warm
,NORTH,>30%,82.4,624,533.9,2,Warm
,NNW,>30%,82.4,624,532.55,2,Warm
,NW,>30%,82.4,624,529.46,2,Warm
,WNW,>30%,82.4,624,519.77,2,Warm
,WEST,>30%,82.4,624,520.74,2,Warm
,WSW,>30%,82.4,624,523.73,2,Warm
,SW,>30%,82.4,624,530.32,2,Warm
,SSW,>30%,82.4,624,529.87,2,Warm
,SOUTH,>30%,82.4,624,534.02,2,Warm
,SSE,>30%,82.4,624,532.38,2,Warm
,SE,>30%,82.4,624,529.66,2,Warm
,ESE,>30%,82.4,624,519.97,2,Warm
,EAST,>30%,82.4,624,520.89,2,Warm
,ENE,>30%,82.4,624,523.54,2,Warm
,NE,>30%,82.4,624,530.31,2,Warm
,NNE,>30%,82.4,624,529.83,2,Warm
,NORTH,>30%,82.4,250,672.61,2,Warm
,NNW,>30%,82.4,250,667.96,2,Warm
,NW,>30%,82.4,250,664.77,2,Warm
,WNW,>30%,82.4,250,652.92,2,Warm
,WEST,>30%,82.4,250,659.57,2,Warm
,WSW,>30%,82.4,250,659.13,2,Warm
,SW,>30%,82.4,250,665.74,2,Warm
,SSW,>30%,82.4,250,665.15,2,Warm
,SOUTH,>30%,82.4,250,672.72,2,Warm
,SSE,>30%,82.4,250,667.78,2,Warm
,SE,>30%,82.4,250,664.97,2,Warm
,ESE,>30%,82.4,250,653.12,2,Warm
,EAST,>30%,82.4,250,659.73,2,Warm
,ENE,>30%,82.4,250,658.95,2,Warm
,NE,>30%,82.4,250,665.74,2,Warm
,NNE,>30%,82.4,250,665.11,2,Warm
,NORTH,>30%,75.2,624,594.45,0,Neutral
,NNW,>30%,75.2,624,592.23,0,Neutral
,NW,>30%,75.2,624,588.68,0,Neutral
,WNW,>30%,75.2,624,577.5,0,Neutral
,WEST,>30%,75.2,624,581.45,0,Neutral
,WSW,>30%,75.2,624,583.59,0,Neutral
,SW,>30%,75.2,624,590.01,0,Neutral
,SSW,>30%,75.2,624,588.88,0,Neutral
,SOUTH,>30%,75.2,624,594.54,0,Neutral
,SSE,>30%,75.2,624,592.01,0,Neutral
,SE,>30%,75.2,624,588.93,0,Neutral
,ESE,>30%,75.2,624,577.72,0,Neutral
,EAST,>30%,75.2,624,581.58,0,Neutral
,ENE,>30%,75.2,624,583.35,0,Neutral
,NE,>30%,75.2,624,589.99,0,Neutral
,NNE,>30%,75.2,624,588.82,0,Neutral
,NORTH,>30%,75.2,750,535.66,0,Neutral
,NNW,>30%,75.2,750,533.76,0,Neutral
,NW,>30%,75.2,750,530.3,0,Neutral
,WNW,>30%,75.2,750,519.45,0,Neutral
,WEST,>30%,75.2,750,524.76,0,Neutral
,WSW,>30%,75.2,750,525.09,0,Neutral
,SW,>30%,75.2,750,531.52,0,Neutral
,SSW,>30%,75.2,750,530.47,0,Neutral
,SOUTH,>30%,75.2,750,535.77,0,Neutral
,SSE,>30%,75.2,750,533.55,0,Neutral
,SE,>30%,75.2,750,530.52,0,Neutral
,ESE,>30%,75.2,750,519.68,0,Neutral
,EAST,>30%,75.2,750,524.91,0,Neutral
,ENE,>30%,75.2,750,524.89,0,Neutral
,NE,>30%,75.2,750,531.49,0,Neutral
,NNE,>30%,75.2,750,530.41,0,Neutral
,NORTH,>30%,75.2,250,742.95,0,Neutral
,NNW,>30%,75.2,250,736.78,0,Neutral
,NW,>30%,75.2,250,732.88,0,Neutral
,WNW,>30%,75.2,250,718.18,0,Neutral
,WEST,>30%,75.2,250,730.22,0,Neutral
,WSW,>30%,75.2,250,728.17,0,Neutral
,SW,>30%,75.2,250,734.43,0,Neutral
,SSW,>30%,75.2,250,733.09,0,Neutral
,SOUTH,>30%,75.2,250,743.07,0,Neutral
,SSE,>30%,75.2,250,736.55,0,Neutral
,SE,>30%,75.2,250,733.1,0,Neutral
,ESE,>30%,75.2,250,718.41,0,Neutral
,EAST,>30%,75.2,250,730.88,0,Neutral
,ENE,>30%,75.2,250,727.96,0,Neutral
,NE,>30%,75.2,250,734.41,0,Neutral
,NNE,>30%,75.2,250,733.02,0,Neutral
,NORTH,>30%,68,624,643.52,-2,Cool
,NNW,>30%,68,624,639.37,-2,Cool
,NW,>30%,68,624,634.64,-2,Cool
,WNW,>30%,68,624,620.44,-2,Cool
,WEST,>30%,68,624,629.15,-2,Cool
,WSW,>30%,68,624,630.55,-2,Cool
,SW,>30%,68,624,637.29,-2,Cool
,SSW,>30%,68,624,634.99,-2,Cool
,SOUTH,>30%,68,624,643.69,-2,Cool
,SSE,>30%,68,624,639.03,-2,Cool
,SE,>30%,68,624,634.91,-2,Cool
,ESE,>30%,68,624,620.71,-2,Cool
,EAST,>30%,68,624,629.29,-2,Cool
,ENE,>30%,68,624,630.18,-2,Cool
,NE,>30%,68,624,637.22,-2,Cool
,NNE,>30%,68,624,634.87,-2,Cool
,NORTH,>30%,68,750,583.46,-2,Cool
,NNW,>30%,68,750,579.8,-2,Cool
,NW,>30%,68,750,575.19,-2,Cool
,WNW,>30%,68,750,561.59,-2,Cool
,WEST,>30%,68,750,571.95,-2,Cool
,WSW,>30%,68,750,570.93,-2,Cool
,SW,>30%,68,750,577.77,-2,Cool
,SSW,>30%,68,750,575.5,-2,Cool
,SOUTH,>30%,68,750,583.61,-2,Cool
,SSE,>30%,68,750,579.47,-2,Cool
,SE,>30%,68,750,575.45,-2,Cool
,ESE,>30%,68,750,561.85,-2,Cool
,EAST,>30%,68,750,572.1,-2,Cool
,ENE,>30%,68,750,570.55,-2,Cool
,NE,>30%,68,750,577.7,-2,Cool
,NNE,>30%,68,750,575.39,-2,Cool
,NORTH,>30%,68,250,800.58,-2,Cool
,NNW,>30%,68,250,790.98,-2,Cool
,NW,>30%,68,250,785.29,-2,Cool
,WNW,>30%,68,250,765.59,-2,Cool
,WEST,>30%,68,250,786.11,-2,Cool
,WSW,>30%,68,250,781.95,-2,Cool
,SW,>30%,68,250,788.84,-2,Cool
,SSW,>30%,68,250,785.84,-2,Cool
,SOUTH,>30%,68,250,800.74,-2,Cool
,SSE,>30%,68,250,790.61,-2,Cool
,SE,>30%,68,250,785.58,-2,Cool
,ESE,>30%,68,250,765.88,-2,Cool
,EAST,>30%,68,250,786.25,-2,Cool
,ENE,>30%,68,250,781.5,-2,Cool
,NE,>30%,68,250,788.76,-2,Cool
,NNE,>30%,68,250,785.7,-2,Cool
,NORTH,>30%,64.4,624,654.09,-3,Cold
,NNW,>30%,64.4,624,649.65,-3,Cold
,NW,>30%,64.4,624,644.39,-3,Cold
,WNW,>30%,64.4,624,628.91,-3,Cold
,WEST,>30%,64.4,624,638.67,-3,Cold
,WSW,>30%,64.4,624,640.13,-3,Cold
,SW,>30%,64.4,624,647.52,-3,Cold
,SSW,>30%,64.4,624,644.37,-3,Cold
,SOUTH,>30%,64.4,624,654.27,-3,Cold
,SSE,>30%,64.4,624,649.28,-3,Cold
,SE,>30%,64.4,624,644.67,-3,Cold
,ESE,>30%,64.4,624,629.19,-3,Cold
,EAST,>30%,64.4,624,638.8,-3,Cold
,ENE,>30%,64.4,624,639.66,-3,Cold
,NE,>30%,64.4,624,647.43,-3,Cold
,NNE,>30%,64.4,624,644.23,-3,Cold
,NORTH,>30%,64.4,750,593.74,-3,Cold
,NNW,>30%,64.4,750,589.82,-3,Cold
,NW,>30%,64.4,750,584.65,-3,Cold
,WNW,>30%,64.4,750,569.88,-3,Cold
,WEST,>30%,64.4,750,581.75,-3,Cold
,WSW,>30%,64.4,750,580.34,-3,Cold
,SW,>30%,64.4,750,587.67,-3,Cold
,SSW,>30%,64.4,750,584.73,-3,Cold
,SOUTH,>30%,64.4,750,593.92,-3,Cold
,SSE,>30%,64.4,750,589.43,-3,Cold
,SE,>30%,64.4,750,584.93,-3,Cold
,ESE,>30%,64.4,750,570.16,-3,Cold
,EAST,>30%,64.4,750,581.88,-3,Cold
,ENE,>30%,64.4,750,579.9,-3,Cold
,NE,>30%,64.4,750,587.57,-3,Cold
,NNE,>30%,64.4,750,584.59,-3,Cold
,NORTH,>30%,64.4,250,812.87,-3,Cold
,NNW,>30%,64.4,250,802.59,-3,Cold
,NW,>30%,64.4,250,796.66,-3,Cold
,WNW,>30%,64.4,250,774.38,-3,Cold
,WEST,>30%,64.4,250,797.12,-3,Cold
,WSW,>30%,64.4,250,792.83,-3,Cold
,SW,>30%,64.4,250,800.38,-3,Cold
,SSW,>30%,64.4,250,796.53,-3,Cold
,SOUTH,>30%,64.4,250,813.03,-3,Cold
,SSE,>30%,64.4,250,802.15,-3,Cold
,SE,>30%,64.4,250,796.96,-3,Cold
,ESE,>30%,64.4,250,774.67,-3,Cold
,EAST,>30%,64.4,250,797.26,-3,Cold
,ENE,>30%,64.4,250,792.3,-3,Cold
,NE,>30%,64.4,250,800.27,-3,Cold
,NNE,>30%,64.4,250,796.37,-3,Cold
,NORTH,<10%,64.4,624,500.43,-3,Cold
,NNW,<10%,64.4,624,507.01,-3,Cold
,NW,<10%,64.4,624,517.5,-3,Cold
,WNW,<10%,64.4,624,534.88,-3,Cold
,WEST,<10%,64.4,624,535.65,-3,Cold
,WSW,<10%,64.4,624,533.21,-3,Cold
,SW,<10%,64.4,624,511.85,-3,Cold
,SSW,<10%,64.4,624,504.78,-3,Cold
,SOUTH,<10%,64.4,624,500.43,-3,Cold
,SSE,<10%,64.4,624,506.99,-3,Cold
,SE,<10%,64.4,624,517.57,-3,Cold
,ESE,<10%,64.4,624,524.6,-3,Cold
,EAST,<10%,64.4,624,535.69,-3,Cold
,ENE,<10%,64.4,624,533.21,-3,Cold
,NE,<10%,64.4,624,511.86,-3,Cold
,NNE,<10%,64.4,624,504.79,-3,Cold
,NORTH,<10%,64.4,250,653.22,-3,Cold
,NNW,<10%,64.4,250,658.27,-3,Cold
,NW,<10%,64.4,250,668.77,-3,Cold
,WNW,<10%,64.4,250,692.6,-3,Cold
,WEST,<10%,64.4,250,693.39,-3,Cold
,WSW,<10%,64.4,250,690.88,-3,Cold
,SW,<10%,64.4,250,662.15,-3,Cold
,SSW,<10%,64.4,250,657.78,-3,Cold
,SOUTH,<10%,64.4,250,653.21,-3,Cold
,SSE,<10%,64.4,250,658.25,-3,Cold
,SE,<10%,64.4,250,668.85,-3,Cold
,ESE,<10%,64.4,250,676.11,-3,Cold
,EAST,<10%,64.4,250,693.42,-3,Cold
,ENE,<10%,64.4,250,690.88,-3,Cold
,NE,<10%,64.4,250,662.16,-3,Cold
,NNE,<10%,64.4,250,657.79,-3,Cold
,NORTH,<10%,64.4,750,440.41,-3,Cold
,NNW,<10%,64.4,750,447.3,-3,Cold
,NW,<10%,64.4,750,457.85,-3,Cold
,WNW,<10%,64.4,750,474.31,-3,Cold
,WEST,<10%,64.4,750,475.01,-3,Cold
,WSW,<10%,64.4,750,472.75,-3,Cold
,SW,<10%,64.4,750,452.41,-3,Cold
,SSW,<10%,64.4,750,444.69,-3,Cold
,SOUTH,<10%,64.4,750,440.4,-3,Cold
,SSE,<10%,64.4,750,447.28,-3,Cold
,SE,<10%,64.4,750,457.93,-3,Cold
,ESE,<10%,64.4,750,464.8,-3,Cold
,EAST,<10%,64.4,750,475.06,-3,Cold
,ENE,<10%,64.4,750,472.75,-3,Cold
,NE,<10%,64.4,750,452.42,-3,Cold
,NNE,<10%,64.4,750,444.7,-3,Cold
,NORTH,<10%,68,624,497.78,-2,Cool
,NNW,<10%,68,624,504.09,-2,Cool
,NW,<10%,68,624,514.1,-2,Cool
,WNW,<10%,68,624,530.8,-2,Cool
,WEST,<10%,68,624,531.62,-2,Cool
,WSW,<10%,68,624,529.33,-2,Cool
,SW,<10%,68,624,508.84,-2,Cool
,SSW,<10%,68,624,501.91,-2,Cool
,SOUTH,<10%,68,624,497.77,-2,Cool
,SSE,<10%,68,624,504.07,-2,Cool
,SE,<10%,68,624,514.17,-2,Cool
,ESE,<10%,68,624,521.02,-2,Cool
,EAST,<10%,68,624,531.64,-2,Cool
,ENE,<10%,68,624,529.33,-2,Cool
,NE,<10%,68,624,508.85,-2,Cool
,NNE,<10%,68,624,501.92,-2,Cool
,NORTH,<10%,68,250,650.16,-2,Cool
,NNW,<10%,68,250,654.97,-2,Cool
,NW,<10%,68,250,665.01,-2,Cool
,WNW,<10%,68,250,688.25,-2,Cool
,WEST,<10%,68,250,689.02,-2,Cool
,WSW,<10%,68,250,686.49,-2,Cool
,SW,<10%,68,250,658.75,-2,Cool
,SSW,<10%,68,250,654.56,-2,Cool
,SOUTH,<10%,68,250,650.15,-2,Cool
,SSE,<10%,68,250,654.95,-2,Cool
,SE,<10%,68,250,665.15,-2,Cool
,ESE,<10%,68,250,672.32,-2,Cool
,EAST,<10%,68,250,689.05,-2,Cool
,ENE,<10%,68,250,686.49,-2,Cool
,NE,<10%,68,250,658.77,-2,Cool
,NNE,<10%,68,250,654.57,-2,Cool
,NORTH,<10%,68,750,437.58,-2,Cool
,NNW,<10%,68,750,444.24,-2,Cool
,NW,<10%,68,750,454.42,-2,Cool
,WNW,<10%,68,750,470.28,-2,Cool
,WEST,<10%,68,750,471.2,-2,Cool
,WSW,<10%,68,750,468.99,-2,Cool
,SW,<10%,68,750,449.32,-2,Cool
,SSW,<10%,68,750,441.8,-2,Cool
,SOUTH,<10%,68,750,437.57,-2,Cool
,SSE,<10%,68,750,444.22,-2,Cool
,SE,<10%,68,750,454.49,-2,Cool
,ESE,<10%,68,750,461.23,-2,Cool
,EAST,<10%,68,750,471.25,-2,Cool
,ENE,<10%,68,750,468.99,-2,Cool
,NE,<10%,68,750,449.34,-2,Cool
,NNE,<10%,68,750,441.81,-2,Cool
,NORTH,<10%,71.6,624,480.19,-1,Slightly Cool
,NNW,<10%,71.6,624,485.48,-1,Slightly Cool
,NW,<10%,71.6,624,494.49,-1,Slightly Cool
,WNW,<10%,71.6,624,508.92,-1,Slightly Cool
,WEST,<10%,71.6,624,509.89,-1,Slightly Cool
,WSW,<10%,71.6,624,507.83,-1,Slightly Cool
,SW,<10%,71.6,624,490.65,-1,Slightly Cool
,SSW,<10%,71.6,624,483.99,-1,Slightly Cool
,SOUTH,<10%,71.6,624,480.18,-1,Slightly Cool
,SSE,<10%,71.6,624,485.46,-1,Slightly Cool
,SE,<10%,71.6,624,494.54,-1,Slightly Cool
,ESE,<10%,71.6,624,500.88,-1,Slightly Cool
,EAST,<10%,71.6,624,509.92,-1,Slightly Cool
,ENE,<10%,71.6,624,507.83,-1,Slightly Cool
,NE,<10%,71.6,624,490.66,-1,Slightly Cool
,NNE,<10%,71.6,624,484,-1,Slightly Cool
,NORTH,<10%,71.6,250,629.85,-1,Slightly Cool
,NNW,<10%,71.6,250,633.82,-1,Slightly Cool
,NW,<10%,71.6,250,642.47,-1,Slightly Cool
,WNW,<10%,71.6,250,662.01,-1,Slightly Cool
,WEST,<10%,71.6,250,662.98,-1,Slightly Cool
,WSW,<10%,71.6,250,660.77,-1,Slightly Cool
,SW,<10%,71.6,250,637.85,-1,Slightly Cool
,SSW,<10%,71.6,250,633.53,-1,Slightly Cool
,SOUTH,<10%,71.6,250,629.85,-1,Slightly Cool
,SSE,<10%,71.6,250,633.8,-1,Slightly Cool
,SE,<10%,71.6,250,642.53,-1,Slightly Cool
,ESE,<10%,71.6,250,648.87,-1,Slightly Cool
,EAST,<10%,71.6,250,663,-1,Slightly Cool
,ENE,<10%,71.6,250,660.76,-1,Slightly Cool
,NE,<10%,71.6,250,637.86,-1,Slightly Cool
,NNE,<10%,71.6,250,633.54,-1,Slightly Cool
,NORTH,<10%,71.6,750,420.59,-1,Slightly Cool
,NNW,<10%,71.6,750,426.2,-1,Slightly Cool
,NW,<10%,71.6,750,435.3,-1,Slightly Cool
,WNW,<10%,71.6,750,449.08,-1,Slightly Cool
,WEST,<10%,71.6,750,450.08,-1,Slightly Cool
,WSW,<10%,71.6,750,448.2,-1,Slightly Cool
,SW,<10%,71.6,750,431.58,-1,Slightly Cool
,SSW,<10%,71.6,750,424.38,-1,Slightly Cool
,SOUTH,<10%,71.6,750,420.59,-1,Slightly Cool
,SSE,<10%,71.6,750,426.17,-1,Slightly Cool
,SE,<10%,71.6,750,435.35,-1,Slightly Cool
,ESE,<10%,71.6,750,441.56,-1,Slightly Cool
,EAST,<10%,71.6,750,450.12,-1,Slightly Cool
,ENE,<10%,71.6,750,448.19,-1,Slightly Cool
,NE,<10%,71.6,750,431.59,-1,Slightly Cool
,NNE,<10%,71.6,750,424.39,-1,Slightly Cool
,NORTH,<10%,75.2,624,457.94,0,Neutral
,NNW,<10%,75.2,624,462.77,0,Neutral
,NW,<10%,75.2,624,471.62,0,Neutral
,WNW,<10%,75.2,624,484.24,0,Neutral
,WEST,<10%,75.2,624,485.46,0,Neutral
,WSW,<10%,75.2,624,483.83,0,Neutral
,SW,<10%,75.2,624,469.22,0,Neutral
,SSW,<10%,75.2,624,462.14,0,Neutral
,SOUTH,<10%,75.2,624,457.94,0,Neutral
,SSE,<10%,75.2,624,462.74,0,Neutral
,SE,<10%,75.2,624,471.66,0,Neutral
,ESE,<10%,75.2,624,477.86,0,Neutral
,EAST,<10%,75.2,624,485.5,0,Neutral
,ENE,<10%,75.2,624,483.83,0,Neutral
,NE,<10%,75.2,624,469.23,0,Neutral
,NNE,<10%,75.2,624,462.15,0,Neutral
,NORTH,<10%,75.2,250,603.35,0,Neutral
,NNW,<10%,75.2,250,606.96,0,Neutral
,NW,<10%,75.2,250,615.45,0,Neutral
,WNW,<10%,75.2,250,632.42,0,Neutral
,WEST,<10%,75.2,250,633.69,0,Neutral
,WSW,<10%,75.2,250,632.07,0,Neutral
,SW,<10%,75.2,250,612.75,0,Neutral
,SSW,<10%,75.2,250,607.53,0,Neutral
,SOUTH,<10%,75.2,250,603.35,0,Neutral
,SSE,<10%,75.2,250,606.94,0,Neutral
,SE,<10%,75.2,250,615.49,0,Neutral
,ESE,<10%,75.2,250,621.71,0,Neutral
,EAST,<10%,75.2,250,633.73,0,Neutral
,ENE,<10%,75.2,250,632.06,0,Neutral
,NE,<10%,75.2,250,612.77,0,Neutral
,NNE,<10%,75.2,250,607.54,0,Neutral
,NORTH,<10%,75.2,750,399.15,0,Neutral
,NNW,<10%,75.2,750,404.22,0,Neutral
,NW,<10%,75.2,750,413.14,0,Neutral
,WNW,<10%,75.2,750,425.19,0,Neutral
,WEST,<10%,75.2,750,426.41,0,Neutral
,WSW,<10%,75.2,750,424.77,0,Neutral
,SW,<10%,75.2,750,410.64,0,Neutral
,SSW,<10%,75.2,750,403.27,0,Neutral
,SOUTH,<10%,75.2,750,399.15,0,Neutral
,SSE,<10%,75.2,750,404.2,0,Neutral
,SE,<10%,75.2,750,413.18,0,Neutral
,ESE,<10%,75.2,750,419.33,0,Neutral
,EAST,<10%,75.2,750,426.46,0,Neutral
,ENE,<10%,75.2,750,424.76,0,Neutral
,NE,<10%,75.2,750,410.65,0,Neutral
,NNE,<10%,75.2,750,403.28,0,Neutral
,NORTH,<10%,78,624,439.08,1,slightly warm
,NNW,<10%,78,624,443.69,1,slightly warm
,NW,<10%,78,624,452.27,1,slightly warm
,WNW,<10%,78,624,463.84,1,slightly warm
,WEST,<10%,78,624,465.03,1,slightly warm
,WSW,<10%,78,624,463.18,1,slightly warm
,SW,<10%,78,624,449.97,1,slightly warm
,SSW,<10%,78,624,443.01,1,slightly warm
,SOUTH,<10%,78,624,439.07,1,slightly warm
,SSE,<10%,78,624,443.67,1,slightly warm
,SE,<10%,78,624,452.31,1,slightly warm
,ESE,<10%,78,624,458.37,1,slightly warm
,EAST,<10%,78,624,465.07,1,slightly warm
,ENE,<10%,78,624,463.17,1,slightly warm
,NE,<10%,78,624,449.98,1,slightly warm
,NNE,<10%,78,624,443.02,1,slightly warm
,NORTH,<10%,78,250,581.22,1,slightly warm
,NNW,<10%,78,250,584.73,1,slightly warm
,NW,<10%,78,250,593.01,1,slightly warm
,WNW,<10%,78,250,608.59,1,slightly warm
,WEST,<10%,78,250,609.85,1,slightly warm
,WSW,<10%,78,250,608.16,1,slightly warm
,SW,<10%,78,250,590.82,1,slightly warm
,SSW,<10%,78,250,585.29,1,slightly warm
,SOUTH,<10%,78,250,581.21,1,slightly warm
,SSE,<10%,78,250,584.71,1,slightly warm
,SE,<10%,78,250,593.04,1,slightly warm
,ESE,<10%,78,250,599.13,1,slightly warm
,EAST,<10%,78,250,609.89,1,slightly warm
,ENE,<10%,78,250,608.16,1,slightly warm
,NE,<10%,78,250,590.84,1,slightly warm
,NNE,<10%,78,250,585.3,1,slightly warm
,NORTH,<10%,78,750,380.57,1,slightly warm
,NNW,<10%,78,750,385.42,1,slightly warm
,NW,<10%,78,750,394.01,1,slightly warm
,WNW,<10%,78,750,405.03,1,slightly warm
,WEST,<10%,78,750,406.16,1,slightly warm
,WSW,<10%,78,750,404.23,1,slightly warm
,SW,<10%,78,750,391.48,1,slightly warm
,SSW,<10%,78,750,384.29,1,slightly warm
,SOUTH,<10%,78,750,380.56,1,slightly warm
,SSE,<10%,78,750,385.39,1,slightly warm
,SE,<10%,78,750,394.05,1,slightly warm
,ESE,<10%,78,750,400.05,1,slightly warm
,EAST,<10%,78,750,406.21,1,slightly warm
,ENE,<10%,78,750,404.23,1,slightly warm
,NE,<10%,78,750,391.49,1,slightly warm
,NNE,<10%,78,750,384.31,1,slightly warm
,NORTH,<10%,82.4,624,405.77,2,Warm
,NNW,<10%,82.4,624,410.42,2,Warm
,NW,<10%,82.4,624,418.72,2,Warm
,WNW,<10%,82.4,624,429.25,2,Warm
,WEST,<10%,82.4,624,430.3,2,Warm
,WSW,<10%,82.4,624,428.23,2,Warm
,SW,<10%,82.4,624,416.34,2,Warm
,SSW,<10%,82.4,624,409.29,2,Warm
,SOUTH,<10%,82.4,624,405.76,2,Warm
,SSE,<10%,82.4,624,410.39,2,Warm
,SE,<10%,82.4,624,418.74,2,Warm
,ESE,<10%,82.4,624,424.65,2,Warm
,EAST,<10%,82.4,624,430.34,2,Warm
,ENE,<10%,82.4,624,428.22,2,Warm
,NE,<10%,82.4,624,416.35,2,Warm
,NNE,<10%,82.4,624,409.3,2,Warm
,NORTH,<10%,82.4,250,542.53,2,Warm
,NNW,<10%,82.4,250,546.28,2,Warm
,NW,<10%,82.4,250,554.35,2,Warm
,WNW,<10%,82.4,250,568.52,2,Warm
,WEST,<10%,82.4,250,569.6,2,Warm
,WSW,<10%,82.4,250,567.48,2,Warm
,SW,<10%,82.4,250,551.83,2,Warm
,SSW,<10%,82.4,250,546.04,2,Warm
,SOUTH,<10%,82.4,250,542.52,2,Warm
,SSE,<10%,82.4,250,546.25,2,Warm
,SE,<10%,82.4,250,554.37,2,Warm
,ESE,<10%,82.4,250,560.32,2,Warm
,EAST,<10%,82.4,250,569.64,2,Warm
,ENE,<10%,82.4,250,567.48,2,Warm
,NE,<10%,82.4,250,551.84,2,Warm
,NNE,<10%,82.4,250,546.05,2,Warm
,NORTH,<10%,82.4,750,347.64,2,Warm
,NNW,<10%,82.4,750,352.44,2,Warm
,NW,<10%,82.4,750,360.71,2,Warm
,WNW,<10%,82.4,750,370.71,2,Warm
,WEST,<10%,82.4,750,371.8,2,Warm
,WSW,<10%,82.4,750,369.86,2,Warm
,SW,<10%,82.4,750,358.46,2,Warm
,SSW,<10%,82.4,750,351.15,2,Warm
,SOUTH,<10%,82.4,750,347.63,2,Warm
,SSE,<10%,82.4,750,347.63,2,Warm
,SE,<10%,82.4,750,352.41,2,Warm
,ESE,<10%,82.4,750,360.73,2,Warm
,EAST,<10%,82.4,750,366.55,2,Warm
,ENE,<10%,82.4,750,369.86,2,Warm
,NE,<10%,82.4,750,358.46,2,Warm
,NNE,<10%,82.4,750,351.16,2,Warm
,NORTH,<10%,84.2,624,391.68,3,Hot
,NNW,<10%,84.2,624,396.35,3,Hot
,NW,<10%,84.2,624,404.56,3,Hot
,WNW,<10%,84.2,624,414.86,3,Hot
,WEST,<10%,84.2,624,415.93,3,Hot
,WSW,<10%,84.2,624,413.96,3,Hot
,SW,<10%,84.2,624,402.36,3,Hot
,SSW,<10%,84.2,624,395.21,3,Hot
,SOUTH,<10%,84.2,624,391.67,3,Hot
,SSE,<10%,84.2,624,396.32,3,Hot
,SE,<10%,84.2,624,404.58,3,Hot
,ESE,<10%,84.2,624,410.45,3,Hot
,EAST,<10%,84.2,624,415.97,3,Hot
,ENE,<10%,84.2,624,413.95,3,Hot
,NE,<10%,84.2,624,402.37,3,Hot
,NNE,<10%,84.2,624,395.22,3,Hot
,NORTH,<10%,84.2,250,525.93,3,Hot
,NNW,<10%,84.2,250,529.79,3,Hot
,NW,<10%,84.2,250,537.81,3,Hot
,WNW,<10%,84.2,250,551.53,3,Hot
,WEST,<10%,84.2,250,552.59,3,Hot
,WSW,<10%,84.2,250,550.52,3,Hot
,SW,<10%,84.2,250,535.4,3,Hot
,SSW,<10%,84.2,250,529.42,3,Hot
,SOUTH,<10%,84.2,250,525.92,3,Hot
,SSE,<10%,84.2,250,529.76,3,Hot
,SE,<10%,84.2,250,537.84,3,Hot
,ESE,<10%,84.2,250,543.71,3,Hot
,EAST,<10%,84.2,250,552.63,3,Hot
,ENE,<10%,84.2,250,550.52,3,Hot
,NE,<10%,84.2,250,535.41,3,Hot
,NNE,<10%,84.2,250,529.43,3,Hot
,NORTH,<10%,84.2,750,333.93,3,Hot
,NNW,<10%,84.2,750,338.73,3,Hot
,NW,<10%,84.2,750,346.98,3,Hot
,WNW,<10%,84.2,750,356.78,3,Hot
,WEST,<10%,84.2,750,357.9,3,Hot
,WSW,<10%,84.2,750,356.06,3,Hot
,SW,<10%,84.2,750,344.91,3,Hot
,SSW,<10%,84.2,750,337.47,3,Hot
,SOUTH,<10%,84.2,750,333.92,3,Hot
,SSE,<10%,84.2,750,338.7,3,Hot
,SE,<10%,84.2,750,347.01,3,Hot
,ESE,<10%,84.2,750,352.78,3,Hot
,EAST,<10%,84.2,750,357.95,3,Hot
,ENE,<10%,84.2,750,356.05,3,Hot
,NE,<10%,84.2,750,344.92,3,Hot
,NNE,<10%,84.2,750,337.48,3,Hot
,NORTH,16.80%,84.2,624,452.61,3,Hot
,NNW,16.80%,84.2,624,451.72,3,Hot
,NW,16.80%,84.2,624,458.04,3,Hot
,WNW,16.80%,84.2,624,456.14,3,Hot
,WEST,16.80%,84.2,624,454.5,3,Hot
,WSW,16.80%,84.2,624,452.78,3,Hot
,SW,16.80%,84.2,624,457.65,3,Hot
,SSW,16.80%,84.2,624,454.45,3,Hot
,SOUTH,16.80%,84.2,624,452.6,3,Hot
,SSE,16.80%,84.2,624,451.38,3,Hot
,SE,16.80%,84.2,624,458.05,3,Hot
,ESE,16.80%,84.2,624,456.13,3,Hot
,EAST,16.80%,84.2,624,454.52,3,Hot
,ENE,16.80%,84.2,624,457.13,3,Hot
,NE,16.80%,84.2,624,457.65,3,Hot
,NNE,16.80%,84.2,624,454.46,3,Hot
,NORTH,16.80%,84.2,250,589.33,3,Hot
,NNW,16.80%,84.2,250,585,3,Hot
,NW,16.80%,84.2,250,594.78,3,Hot
,WNW,16.80%,84.2,250,592.85,3,Hot
,WEST,16.80%,84.2,250,591.18,3,Hot
,WSW,16.80%,84.2,250,586.11,3,Hot
,SW,16.80%,84.2,250,594.39,3,Hot
,SSW,16.80%,84.2,250,591.22,3,Hot
,SOUTH,16.80%,84.2,250,589.32,3,Hot
,SSE,16.80%,84.2,250,584.67,3,Hot
,SE,16.80%,84.2,250,594.78,3,Hot
,ESE,16.80%,84.2,250,592.84,3,Hot
,EAST,16.80%,84.2,250,591.2,3,Hot
,ENE,16.80%,84.2,250,593.85,3,Hot
,NE,16.80%,84.2,250,594.39,3,Hot
,NNE,16.80%,84.2,250,591.23,3,Hot
,NORTH,16.80%,84.2,750,396.77,3,Hot
,NNW,16.80%,84.2,750,394.22,3,Hot
,NW,16.80%,84.2,750,400.12,3,Hot
,WNW,16.80%,84.2,750,398.25,3,Hot
,WEST,16.80%,84.2,750,396.71,3,Hot
,WSW,16.80%,84.2,750,395.25,3,Hot
,SW,16.80%,84.2,750,399.77,3,Hot
,SSW,16.80%,84.2,750,396.59,3,Hot
,SOUTH,16.80%,84.2,750,396.76,3,Hot
,SSE,16.80%,84.2,750,398.13,3,Hot
,SE,16.80%,84.2,750,400.14,3,Hot
,ESE,16.80%,84.2,750,398.24,3,Hot
,EAST,16.80%,84.2,750,396.73,3,Hot
,ENE,16.80%,84.2,750,399.25,3,Hot
,NE,16.80%,84.2,750,399.77,3,Hot
,NNE,16.80%,84.2,750,396.6,3,Hot
,NORTH,16.80%,82.4,624,467.31,2,Warm
,NNW,16.80%,82.4,624,466.32,2,Warm
,NW,16.80%,82.4,624,472.92,2,Warm
,WNW,16.80%,82.4,624,470.91,2,Warm
,WEST,16.80%,82.4,624,469.19,2,Warm
,WSW,16.80%,82.4,624,467.45,2,Warm
,SW,16.80%,82.4,624,472.59,2,Warm
,SSW,16.80%,82.4,624,469.28,2,Warm
,SOUTH,16.80%,82.4,624,467.3,2,Warm
,SSE,16.80%,82.4,624,465.98,2,Warm
,SE,16.80%,82.4,624,472.93,2,Warm
,ESE,16.80%,82.4,624,470.9,2,Warm
,EAST,16.80%,82.4,624,469.21,2,Warm
,ENE,16.80%,82.4,624,471.95,2,Warm
,NE,16.80%,82.4,624,472.6,2,Warm
,NNE,16.80%,82.4,624,469.29,2,Warm
,NORTH,16.80%,82.4,250,606.41,2,Warm
,NNW,16.80%,82.4,250,601.82,2,Warm
,NW,16.80%,82.4,250,612,2,Warm
,WNW,16.80%,82.4,250,610,2,Warm
,WEST,16.80%,82.4,250,608.24,2,Warm
,WSW,16.80%,82.4,250,602.98,2,Warm
,SW,16.80%,82.4,250,611.71,2,Warm
,SSW,16.80%,82.4,250,608.44,2,Warm
,SOUTH,16.80%,82.4,250,606.4,2,Warm
,SSE,16.80%,82.4,250,601.48,2,Warm
,SE,16.80%,82.4,250,612.01,2,Warm
,ESE,16.80%,82.4,250,609.98,2,Warm
,EAST,16.80%,82.4,250,608.26,2,Warm
,ENE,16.80%,82.4,250,611.02,2,Warm
,NE,16.80%,82.4,250,611.71,2,Warm
,NNE,16.80%,82.4,250,608.45,2,Warm
,NORTH,16.80%,82.4,750,411.36,2,Warm
,NNW,16.80%,82.4,750,408.66,2,Warm
,NW,16.80%,82.4,750,414.75,2,Warm
,WNW,16.80%,82.4,750,412.86,2,Warm
,WEST,16.80%,82.4,750,411.26,2,Warm
,WSW,16.80%,82.4,750,409.72,2,Warm
,SW,16.80%,82.4,750,414.44,2,Warm
,SSW,16.80%,82.4,750,411.22,2,Warm
,SOUTH,16.80%,82.4,750,411.35,2,Warm
,SSE,16.80%,82.4,750,412.71,2,Warm
,SE,16.80%,82.4,750,414.78,2,Warm
,ESE,16.80%,82.4,750,412.84,2,Warm
,EAST,16.80%,82.4,750,411.28,2,Warm
,ENE,16.80%,82.4,750,413.87,2,Warm
,NE,16.80%,82.4,750,414.44,2,Warm
,NNE,16.80%,82.4,750,411.23,2,Warm
,NORTH,16.80%,78,624,502.5,1,slightly warm
,NNW,16.80%,78,624,501,1,slightly warm
,NW,16.80%,78,624,508.34,1,slightly warm
,WNW,16.80%,78,624,506.17,1,slightly warm
,WEST,16.80%,78,624,504.33,1,slightly warm
,WSW,16.80%,78,624,502.21,1,slightly warm
,SW,16.80%,78,624,508.18,1,slightly warm
,SSW,16.80%,78,624,504.65,1,slightly warm
,SOUTH,16.80%,78,624,502.49,1,slightly warm
,SSE,16.80%,78,624,500.62,1,slightly warm
,SE,16.80%,78,624,508.35,1,slightly warm
,ESE,16.80%,78,624,506.15,1,slightly warm
,EAST,16.80%,78,624,504.36,1,slightly warm
,ENE,16.80%,78,624,507.33,1,slightly warm
,NE,16.80%,78,624,508.18,1,slightly warm
,NNE,16.80%,78,624,504.66,1,slightly warm
,NORTH,16.80%,78,250,647.35,1,slightly warm
,NNW,16.80%,78,250,641.87,1,slightly warm
,NW,16.80%,78,250,653.13,1,slightly warm
,WNW,16.80%,78,250,650.98,1,slightly warm
,WEST,16.80%,78,250,649.15,1,slightly warm
,WSW,16.80%,78,250,643.08,1,slightly warm
,SW,16.80%,78,250,652.96,1,slightly warm
,SSW,16.80%,78,250,649.5,1,slightly warm
,SOUTH,16.80%,78,250,647.35,1,slightly warm
,SSE,16.80%,78,250,641.49,1,slightly warm
,SE,16.80%,78,250,653.15,1,slightly warm
,ESE,16.80%,78,250,650.97,1,slightly warm
,EAST,16.80%,78,250,649.17,1,slightly warm
,ENE,16.80%,78,250,652.12,1,slightly warm
,NE,16.80%,78,250,652.96,1,slightly warm
,NNE,16.80%,78,250,649.51,1,slightly warm
,NORTH,16.80%,78,750,446.18,1,slightly warm
,NNW,16.80%,78,750,442.91,1,slightly warm
,NW,16.80%,78,750,449.81,1,slightly warm
,WNW,16.80%,78,750,447.69,1,slightly warm
,WEST,16.80%,78,750,445.92,1,slightly warm
,WSW,16.80%,78,750,444.1,1,slightly warm
,SW,16.80%,78,750,449.67,1,slightly warm
,SSW,16.80%,78,750,446.18,1,slightly warm
,SOUTH,16.80%,78,750,447.56,1,slightly warm
,SSE,16.80%,78,750,446.18,1,slightly warm
,SE,16.80%,78,750,449.85,1,slightly warm
,ESE,16.80%,78,750,447.68,1,slightly warm
,EAST,16.80%,78,750,445.94,1,slightly warm
,ENE,16.80%,78,750,448.85,1,slightly warm
,NE,16.80%,78,750,449.68,1,slightly warm
,NNE,16.80%,78,750,446.18,1,slightly warm
,NORTH,16.80%,75.2,624,523.95,0,Neutral
,NNW,16.80%,75.2,624,521.73,0,Neutral
,NW,16.80%,75.2,624,529.85,0,Neutral
,WNW,16.80%,75.2,624,527.54,0,Neutral
,WEST,16.80%,75.2,624,525.77,0,Neutral
,WSW,16.80%,75.2,624,522.93,0,Neutral
,SW,16.80%,75.2,624,529.69,0,Neutral
,SSW,16.80%,75.2,624,525.99,0,Neutral
,SOUTH,16.80%,75.2,624,523.94,0,Neutral
,SSE,16.80%,75.2,624,521.3,0,Neutral
,SE,16.80%,75.2,624,529.87,0,Neutral
,ESE,16.80%,75.2,624,527.53,0,Neutral
,EAST,16.80%,75.2,624,525.76,0,Neutral
,ENE,16.80%,75.2,624,528.85,0,Neutral
,NE,16.80%,75.2,624,529.69,0,Neutral
,NNE,16.80%,75.2,624,526,0,Neutral
,NORTH,16.80%,75.2,250,672.41,0,Neutral
,NNW,16.80%,75.2,250,665.84,0,Neutral
,NW,16.80%,75.2,250,678.25,0,Neutral
,WNW,16.80%,75.2,250,675.94,0,Neutral
,WEST,16.80%,75.2,250,674.23,0,Neutral
,WSW,16.80%,75.2,250,667.06,0,Neutral
,SW,16.80%,75.2,250,678.03,0,Neutral
,SSW,16.80%,75.2,250,674.44,0,Neutral
,SOUTH,16.80%,75.2,250,672.4,0,Neutral
,SSE,16.80%,75.2,250,665.4,0,Neutral
,SE,16.80%,75.2,250,678.27,0,Neutral
,ESE,16.80%,75.2,250,675.93,0,Neutral
,EAST,16.80%,75.2,250,674.25,0,Neutral
,ENE,16.80%,75.2,250,677.27,0,Neutral
,NE,16.80%,75.2,250,678.03,0,Neutral
,NNE,16.80%,75.2,250,674.45,0,Neutral
,NORTH,16.80%,75.2,750,467.27,0,Neutral
,NNW,16.80%,75.2,750,463.26,0,Neutral
,NW,16.80%,75.2,750,470.91,0,Neutral
,WNW,16.80%,75.2,750,468.65,0,Neutral
,WEST,16.80%,75.2,750,466.88,0,Neutral
,WSW,16.80%,75.2,750,464.46,0,Neutral
,SW,16.80%,75.2,750,470.8,0,Neutral
,SSW,16.80%,75.2,750,467.11,0,Neutral
,SOUTH,16.80%,75.2,750,467.27,0,Neutral
,SSE,16.80%,75.2,750,468.66,0,Neutral
,SE,16.80%,75.2,750,470.96,0,Neutral
,ESE,16.80%,75.2,750,468.63,0,Neutral
,EAST,16.80%,75.2,750,466.9,0,Neutral
,ENE,16.80%,75.2,750,469.95,0,Neutral
,NE,16.80%,75.2,750,470.8,0,Neutral
,NNE,16.80%,75.2,750,467.11,0,Neutral
,NORTH,16.80%,71.6,624,550.87,-1,slightly Cool
,NNW,16.80%,71.6,624,547.15,-1,slightly Cool
,NW,16.80%,71.6,624,556.67,-1,slightly Cool
,WNW,16.80%,71.6,624,554.37,-1,slightly Cool
,WEST,16.80%,71.6,624,552.73,-1,slightly Cool
,WSW,16.80%,71.6,624,548.2,-1,slightly Cool
,SW,16.80%,71.6,624,556.35,-1,slightly Cool
,SSW,16.80%,71.6,624,552.7,-1,slightly Cool
,SOUTH,16.80%,71.6,624,550.85,-1,slightly Cool
,SSE,16.80%,71.6,624,546.63,-1,slightly Cool
,SE,16.80%,71.6,624,556.69,-1,slightly Cool
,ESE,16.80%,71.6,624,554.35,-1,slightly Cool
,EAST,16.80%,71.6,624,552.74,-1,slightly Cool
,ENE,16.80%,71.6,624,555.82,-1,slightly Cool
,NE,16.80%,71.6,624,556.35,-1,slightly Cool
,NNE,16.80%,71.6,624,552.71,-1,slightly Cool
,NORTH,16.80%,71.6,250,704.42,-1,slightly Cool
,NNW,16.80%,71.6,250,695.48,-1,slightly Cool
,NW,16.80%,71.6,250,710.16,-1,slightly Cool
,WNW,16.80%,71.6,250,707.93,-1,slightly Cool
,WEST,16.80%,71.6,250,706.33,-1,slightly Cool
,WSW,16.80%,71.6,250,696.58,-1,slightly Cool
,SW,16.80%,71.6,250,709.76,-1,slightly Cool
,SSW,16.80%,71.6,250,706.15,-1,slightly Cool
,SOUTH,16.80%,71.6,250,704.41,-1,slightly Cool
,SSE,16.80%,71.6,250,694.95,-1,slightly Cool
,SE,16.80%,71.6,250,710.18,-1,slightly Cool
,ESE,16.80%,71.6,250,707.92,-1,slightly Cool
,EAST,16.80%,71.6,250,706.35,-1,slightly Cool
,ENE,16.80%,71.6,250,709.37,-1,slightly Cool
,NE,16.80%,71.6,250,709.76,-1,slightly Cool
,NNE,16.80%,71.6,250,706.15,-1,slightly Cool
,NORTH,16.80%,71.6,750,493.78,-1,slightly Cool
,NNW,16.80%,71.6,750,487.9,-1,slightly Cool
,NW,16.80%,71.6,750,496.9,-1,slightly Cool
,WNW,16.80%,71.6,750,494.6,-1,slightly Cool
,WEST,16.80%,71.6,750,493,-1,slightly Cool
,WSW,16.80%,71.6,750,489,-1,slightly Cool
,SW,16.80%,71.6,750,496.67,-1,slightly Cool
,SSW,16.80%,71.6,750,492.87,-1,slightly Cool
,SOUTH,16.80%,71.6,750,493.77,-1,slightly Cool
,SSE,16.80%,71.6,750,494.86,-1,slightly Cool
,SE,16.80%,71.6,750,496.96,-1,slightly Cool
,ESE,16.80%,71.6,750,494.58,-1,slightly Cool
,EAST,16.80%,71.6,750,493,-1,slightly Cool
,ENE,16.80%,71.6,750,496.06,-1,slightly Cool
,NE,16.80%,71.6,750,496.67,-1,slightly Cool
,NNE,16.80%,71.6,750,492.88,-1,slightly Cool
,NORTH,16.80%,68,624,573.14,-2,Cool
,NNW,16.80%,68,624,568.46,-2,Cool
,NW,16.80%,68,624,579.98,-2,Cool
,WNW,16.80%,68,624,577.26,-2,Cool
,WEST,16.80%,68,624,575.37,-2,Cool
,WSW,16.80%,68,624,569.66,-2,Cool
,SW,16.80%,68,624,579.43,-2,Cool
,SSW,16.80%,68,624,575.16,-2,Cool
,SOUTH,16.80%,68,624,573.13,-2,Cool
,SSE,16.80%,68,624,567.8,-2,Cool
,SE,16.80%,68,624,580.02,-2,Cool
,ESE,16.80%,68,624,577.25,-2,Cool
,EAST,16.80%,68,624,575.38,-2,Cool
,ENE,16.80%,68,624,579.2,-2,Cool
,NE,16.80%,68,624,579.44,-2,Cool
,NNE,16.80%,68,624,575.18,-2,Cool
,NORTH,16.80%,68,250,730.58,-2,Cool
,NNW,16.80%,68,250,719.96,-2,Cool
,NW,16.80%,68,250,737.82,-2,Cool
,WNW,16.80%,68,250,734.89,-2,Cool
,WEST,16.80%,68,250,732.88,-2,Cool
,WSW,16.80%,68,250,721.23,-2,Cool
,SW,16.80%,68,250,737.23,-2,Cool
,SSW,16.80%,68,250,732.76,-2,Cool
,SOUTH,16.80%,68,250,730.56,-2,Cool
,SSE,16.80%,68,250,719.24,-2,Cool
,SE,16.80%,68,250,737.85,-2,Cool
,ESE,16.80%,68,250,734.87,-2,Cool
,EAST,16.80%,68,250,732.86,-2,Cool
,ENE,16.80%,68,250,736.9,-2,Cool
,NE,16.80%,68,250,737.24,-2,Cool
,NNE,16.80%,68,250,732.77,-2,Cool
,NORTH,16.80%,68,750,516.01,-2,Cool
,NNW,16.80%,68,750,508.67,-2,Cool
,NW,16.80%,68,750,519.47,-2,Cool
,WNW,16.80%,68,750,516.73,-2,Cool
,WEST,16.80%,68,750,514.98,-2,Cool
,WSW,16.80%,68,750,509.79,-2,Cool
,SW,16.80%,68,750,519.1,-2,Cool
,SSW,16.80%,68,750,514.68,-2,Cool
,SOUTH,16.80%,68,750,516,-2,Cool
,SSE,16.80%,68,750,517.42,-2,Cool
,SE,16.80%,68,750,519.53,-2,Cool
,ESE,16.80%,68,750,516.72,-2,Cool
,EAST,16.80%,68,750,514.98,-2,Cool
,ENE,16.80%,68,750,518.65,-2,Cool
,NE,16.80%,68,750,519.11,-2,Cool
,NNE,16.80%,68,750,514.69,-2,Cool
,NORTH,16.80%,64.4,624,585.55,-3,Cold
,NNW,16.80%,64.4,624,580.39,-3,Cold
,NW,16.80%,64.4,624,594.18,-3,Cold
,WNW,16.80%,64.4,624,590.53,-3,Cold
,WEST,16.80%,64.4,624,588.08,-3,Cold
,WSW,16.80%,64.4,624,581.69,-3,Cold
,SW,16.80%,64.4,624,593.48,-3,Cold
,SSW,16.80%,64.4,624,590.67,-3,Cold
,SOUTH,16.80%,64.4,624,588.05,-3,Cold
,SSE,16.80%,64.4,624,585.53,-3,Cold
,SE,16.80%,64.4,624,579.62,-3,Cold
,ESE,16.80%,64.4,624,594.24,-3,Cold
,EAST,16.80%,64.4,624,590.52,-3,Cold
,ENE,16.80%,64.4,624,588.08,-3,Cold
,NE,16.80%,64.4,624,593.48,-3,Cold
,NNE,16.80%,64.4,624,588.06,-3,Cold
,NORTH,16.80%,64.4,250,744.53,-3,Cold
,NNW,16.80%,64.4,250,733.91,-3,Cold
,NW,16.80%,64.4,250,753.56,-3,Cold
,WNW,16.80%,64.4,250,749.64,-3,Cold
,WEST,16.80%,64.4,250,747.23,-3,Cold
,WSW,16.80%,64.4,250,735.25,-3,Cold
,SW,16.80%,64.4,250,752.81,-3,Cold
,SSW,16.80%,64.4,250,747.02,-3,Cold
,SOUTH,16.80%,64.4,250,744.51,-3,Cold
,SSE,16.80%,64.4,250,733.07,-3,Cold
,SE,16.80%,64.4,250,753.62,-3,Cold
,ESE,16.80%,64.4,250,749.62,-3,Cold
,EAST,16.80%,64.4,250,747.23,-3,Cold
,ENE,16.80%,64.4,250,752.39,-3,Cold
,NE,16.80%,64.4,250,752.81,-3,Cold
,NNE,16.80%,64.4,250,747.03,-3,Cold
,NORTH,16.80%,64.4,750,528.42,-3,Cold
,NNW,16.80%,64.4,750,520.56,-3,Cold
,NW,16.80%,64.4,750,533.51,-3,Cold
,WNW,16.80%,64.4,750,529.96,-3,Cold
,WEST,16.80%,64.4,750,527.6,-3,Cold
,WSW,16.80%,64.4,750,521.79,-3,Cold
,SW,16.80%,64.4,750,532.89,-3,Cold
,SSW,16.80%,64.4,750,527.53,-3,Cold
,SOUTH,16.80%,64.4,750,528.41,-3,Cold
,SSE,16.80%,64.4,750,531.02,-3,Cold
,SE,16.80%,64.4,750,533.58,-3,Cold
,ESE,16.80%,64.4,750,529.95,-3,Cold
,EAST,16.80%,64.4,750,527.6,-3,Cold
,ENE,16.80%,64.4,750,532.38,-3,Cold
,NE,16.80%,64.4,750,532.9,-3,Cold
,NNE,16.80%,64.4,750,527.55,-3,Cold
